{"total_posts": 5000, "post_type_distribution": {"reel": 1282, "video": 1272, "carousel": 1231, "image": 1215}, "avg_engagement_by_type": {"likes": {"carousel": 954.1413484971567, "image": 666.1679012345679, "reel": 1362.2636505460218, "video": 1165.2114779874214}, "comments": {"carousel": 90.02112103980504, "image": 42.40576131687243, "reel": 166.28783151326053, "video": 129.03930817610063}, "shares": {"carousel": 131.89195775792038, "image": 65.67489711934157, "reel": 267.30421216848674, "video": 193.25471698113208}, "views": {"carousel": 9498.872461413484, "image": 4447.597530864197, "reel": 27420.86973478939, "video": 19372.834119496856}}, "best_time_by_post_type": {"reel": 4, "image": 3, "video": 7, "carousel": 3}, "best_day_by_post_type": {"reel": "Wednesday", "image": "Monday", "video": "Thursday", "carousel": "Sunday"}, "engagement_rate_by_type": {"reel": 0.07266072415616985, "image": 0.19541296018933402, "video": 0.08561148063845875, "carousel": 0.13539359160300754}}